to,1000万語収録！Weblio辞書 - to とは【意味】…(のほう)へ,…まで... 【例文】turn to the right... 「to」の意味・例文・用例ならWeblio英和・和英辞書.</div></div></div>
to,toとは。意味や和訳。toの主な意味前1 〈ある場所〉まで1a 〈ある時点〉まで1b 〈ある状態〉まで2 …に対して2a …に比して2b …に合わせて3 …すること3a …する（ための） 3b …するために◇空間・時間・変化の到達点の意味が語義1．語義2は行為・比較などの ...</div></div></div>
to,to 【前】 〔物事の進行・人の気持ち・意志・考え・状態・運命・目的などが〕～の方向に向かって、～へ（の...【発音】túː ｜ tu ｜ tə【カナ】トゥー - アルクがお届けするオンライン英和・和英辞書検索サービス。</div></div></div>
going,p5OSd"><div class="BNeawe s3v9rd AP7Wnd">毎週土曜・日曜深夜11時55分～0時55分生放送！週末スポーツ・ニュースをお届け！</div></div><div class="v9i61e"><div class="BNeawe s3v9rd AP7Wnd"><span class="BNeawe"><a href="/url?q=http://www.ntv.co.jp/going//&amp;sa=U&amp;ved=2ahUKEwizqtCHxufnAhVwHKYKHd_ACSIQjBAwAXoECAYQAw&amp;usg=AOvVaw0EF0oePlcCL86ZR1Wf3-Z_"><span class="XLloXe AP7Wnd">Going! Sports＆News｜日本 ...</span></a></span></div></div><div><div class="BNeawe s3v9rd AP7Wnd"><span class="BNeawe"><a href="/url?q=http://www.ntv.co.jp/going/cast/index.html&amp;sa=U&amp;ved=2ahUKEwizqtCHxufnAhVwHKYKHd_ACSIQjBAwAnoECAYQBQ&amp;usg=AOvVaw2fpwe5TLkiU0dTbkQw9GbD"><span class="XLloXe AP7Wnd">キャスト</span></a></span></div></div></div></div>
going,pan class="BNeawe"><a href="/url?q=http://www.ntv.co.jp/going//&amp;sa=U&amp;ved=2ahUKEwizqtCHxufnAhVwHKYKHd_ACSIQjBAwAXoECAYQAw&amp;usg=AOvVaw0EF0oePlcCL86ZR1Wf3-Z_"><span class="XLloXe AP7Wnd">Going! Sports＆News｜日本 ...</span></a></span>
going,『Going!Sports&amp;News』は、日本テレビで、2010年4月3日から、毎週土曜・日曜の23:55 - 翌0:55に生放送されている週末スポーツ・ニュース番組。略称及びタイトルコールは『Going!』。 <span class="BNeawe"><a href="/url?q=https://ja.wikipedia.org/wiki/Going!Sports%2526News&amp;sa=U&amp;ved=2ahUKEwizqtCHxufnAhVwHKYKHd_ACSIQmhMwCXoECAoQDg&amp;usg=AOvVaw1KDJaZJHxn-7YgEKDN0EIu"><span class="XLloXe AP7Wnd">ウィキペディア</span></a></span></div></div>
Im,pan class="FCUp0c rQMQod">IM</span>とは、Information Memorandum（インフォメーション・メモランダム）の略称である。</div></div>
Im,SCII.jpデジタル用語辞典 - IMの用語解説 - ネットワーク上のユーザー同士でメッセージを交換するサービスのこと。登録したユーザーが接続中であれば、テキストによる会話がリアルタイムで行える。また、マイクやWebカメラをパソコンに接続することにより、 ...</div></div></div>
Im,1000万語収録！Weblio辞書 - im とは【意味】in‐の異形... 【例文】I feel great! I'm great! I'm good. I'm OK... 「im」の意味・例文・用例ならWeblio英和・和英辞書.</div></div></div>
go,The Breakthrough Company GOのミッションはあらゆる社会の変化と挑戦にコミットすること。クリエイティビティを軸に、PR・マーケティングのテクノロジーを活用し、企業の新規事業開発から、革新的なプロモーションまで全般的にサポートします。</div></div></div>
go,Goはプログラミング言語の1つである。2009年、GoogleでRobert Griesemer、ロブ・ パイク、ケン・トンプソンによって設計された。Goは、静的型付け、C言語の伝統に則ったコンパイル言語、メモリ安全性、ガベージコレクション、構造的型付け（英語版）、CSP ...
<span class="BNeawe"><a href="/url?q=https://ja.wikipedia.org/wiki/Go_(%25E3%2583%2597%25E3%2583%25AD%25E3%2582%25B0%25E3%2583%25A9%25E3%2583%259F%25E3%2583%25B3%25E3%2582%25B0%25E8%25A8%2580%25E8%25AA%259E)%23%25E5%2590%258D%25E7%25A7%25B0&amp;sa=U&amp;ved=2ahUKEwi4yMCIxufnAhXyKqYKHfMJBLYQ0gIwAXoECAkQAg&amp;usg=AOvVaw0tRX6t_PGWbUtby-tRyaQH"><span class="XLloXe AP7Wnd">名称</span></a></span> · <span class="BNeawe"><a href="/url?q=https://ja.wikipedia.org/wiki/Go_(%25E3%2583%2597%25E3%2583%25AD%25E3%2582%25B0%25E3%2583%25A9%25E3%2583%259F%25E3%2583%25B3%25E3%2582%25B0%25E8%25A8%2580%25E8%25AA%259E)%23%25E6%25AD%25B4%25E5%258F%25B2&amp;sa=U&amp;ved=2ahUKEwi4yMCIxufnAhXyKqYKHfMJBLYQ0gIwAXoECAkQAw&amp;usg=AOvVaw3zYeuG1vDlzSrSthXgw0aW"><span class="XLloXe AP7Wnd">歴史</span></a></span> · <span class="BNeawe"><a href="/url?q=https://ja.wikipedia.org/wiki/Go_(%25E3%2583%2597%25E3%2583%25AD%25E3%2582%25B0%25E3%2583%25A9%25E3%2583%259F%25E3%2583%25B3%25E3%2582%25B0%25E8%25A8%2580%25E8%25AA%259E)%23%25E3%2582%25B3%25E3%2583%25BC%25E3%2583%2589%25E4%25BE%258B&amp;sa=U&amp;ved=2ahUKEwi4yMCIxufnAhXyKqYKHfMJBLYQ0gIwAXoECAkQBA&amp;usg=AOvVaw0oRA0ihPWy4e9UEUfBaiSa"><span class="XLloXe AP7Wnd">コード例</span></a></span> · <span class="BNeawe"><a href="/url?q=https://ja.wikipedia.org/wiki/Go_(%25E3%2583%2597%25E3%2583%25AD%25E3%2582%25B0%25E3%2583%25A9%25E3%2583%259F%25E3%2583%25B3%25E3%2582%25B0%25E8%25A8%2580%25E8%25AA%259E)%23%25E8%25A8%2580%25E8%25AA%259E%25E6%25A9%259F%25E8%2583%25BD%25E3%2581%25AE%25E7%2589%25B9%25E5%25BE%25B4&amp;sa=U&amp;ved=2ahUKEwi4yMCIxufnAhXyKqYKHfMJBLYQ0gIwAXoECAkQBQ&amp;usg=AOvVaw2wWKK4qFRfoz3vkcxdLKba"><span class="XLloXe AP7Wnd">言語機能の特徴</span></a></span>

開発者: <span class="BNeawe"><a href="/url?q=https://ja.wikipedia.org/wiki/Google&amp;sa=U&amp;ved=2ahUKEwi4yMCIxufnAhXyKqYKHfMJBLYQs2YwAXoECAkQCA&amp;usg=AOvVaw0zNh0cFKjJAmuQWZImwL7f"><span class="XLloXe AP7Wnd">Google</span></a></span>
型付け: <span class="r0bn4c rQMQod">強い、静的、型推論、構造的（英語版）</span>
ライセンス: <span class="BNeawe"><a href="/url?q=https://ja.wikipedia.org/wiki/BSD%25E3%2583%25A9%25E3%2582%25A4%25E3%2582%25BB%25E3%2583%25B3%25E3%2582%25B9&amp;sa=U&amp;ved=2ahUKEwi4yMCIxufnAhXyKqYKHfMJBLYQs2YwAXoECAkQCw&amp;usg=AOvVaw3NhJSUbxu4ztr75HBATKhb"><span class="XLloXe AP7Wnd">BSDライセンス</span></a></span>
設計者: <span class="r0bn4c rQMQod">Robert Griesemer、ロブ・パイク、ケン・トンプソン</span></div></div></div>
go,Go is an open source programming language that makes it easy to build simple, reliable, and efficient software.</div></div></div>
ski,1000万語収録！Weblio辞書 - ski とは【意味】スキー(板),水上スキー(板)... 【例文】a pair of skis... 「ski」の意味・例文・用例ならWeblio英和・和英辞書.</div></div></div>
ski,SURF&amp;SNOWならスキー場の積雪・天気・クーポン・イベント・宿泊情報など情報が満載！早割格安リフト券も販売！スキー・スノーボードの予定すべてがここで完結できるスキー場情報サイト！
<span class="BNeawe"><a href="/url?q=https://snow.gnavi.co.jp/shop/ticket/&amp;sa=U&amp;ved=2ahUKEwj17_SIxufnAhXZLqYKHcbADgoQ0gIwBHoECAkQAg&amp;usg=AOvVaw3AdoOzVk6cvVh66BKn7VsV"><span class="XLloXe AP7Wnd">早割リフト券</span></a></span> · <span class="BNeawe"><a href="/url?q=https://snow.gnavi.co.jp/search/list/spl_snow.php&amp;sa=U&amp;ved=2ahUKEwj17_SIxufnAhXZLqYKHcbADgoQ0gIwBHoECAkQAw&amp;usg=AOvVaw1kJqwaDYgTbTxMBDePyDLw"><span class="XLloXe AP7Wnd">積雪・天気</span></a></span> · <span class="BNeawe"><a href="/url?q=https://snow.gnavi.co.jp/search/list/spl_area01.php%3Fareacdm%3D14&amp;sa=U&amp;ved=2ahUKEwj17_SIxufnAhXZLqYKHcbADgoQ0gIwBHoECAkQBA&amp;usg=AOvVaw0LqFUQzDoKdf4Sdr2EU3nQ"><span class="XLloXe AP7Wnd">湯沢・中越</span></a></span> · <span class="BNeawe"><a href="/url?q=https://snow.gnavi.co.jp/search/list/spl_area01.php%3Fareacdm%3D3&amp;sa=U&amp;ved=2ahUKEwj17_SIxufnAhXZLqYKHcbADgoQ0gIwBHoECAkQBQ&amp;usg=AOvVaw0-JVMs_fQ4xTNR-6r-CC6O"><span class="XLloXe AP7Wnd">道央・道南</span></a></span></div></div></div>
ski,ki 【名】 〔スポーツ用具の〕スキー板◇【参考】skiing 〔スポーツ用具の〕水上スキー板◇ 【同】water sk...【発音】skíː【カナ】スキー【変化】《動》skis ｜ skiing ｜ skied - アルクがお届けするオンライン英和・和英辞書検索サービス。</div></div></div>
