exe,「<span class="FCUp0c rQMQod">exe</span>」とは 「execution」の略である。 .<span class="FCUp0c rQMQod">exe</span>ファイルはアプリケーションの本体である。</div></div>
exe,xeとは. Windowsでの実行ファイル（要するにプログラム）の拡張子 - 本稿にて説明。 小田急ロマンスカー30000形の愛称。由来はEXcellent Express。 GBAのゲームソフト「ロックマンエグゼ」シリーズの略称。 音楽ゲーム「beatmania IIDX」の楽曲。</div></div></div>
exe,pan class="r0bn4c rQMQod">2014/03/03</span><span class="r0bn4c rQMQod"> · </span>用語「.exe【拡張子】」の説明です。正確ではないけど何となく分かる、IT用語の意味を「 ざっくりと」理解するためのIT用語辞典です。専門外の方でも理解しやすいように、 初心者が分かりやすい表現を使うように心がけています。</div></div></div>
まさか,まさかとは。意味や解説、類語。［名］1 今まさに物事が目の前に迫っていること。予期しない緊急の事態にあること。「まさかの場合に役立てる」2 目前のとき。さしあたっての今。「梓弓 (あづさゆみ) 末は寄り寝む―こそ人目を多み汝 (な) を端に置けれ」〈万・三四 ...</div></div></div>
まさか,まさか,まさか【真砂化】,まさかき【真榊／真賢木】,まさかさま【真逆様】,まさかど【将門】, まさかどき【将門記】,まさかに,まさかのとき【まさかの時】,まさかり【真盛り】,まさかり【鉞】 - goo国語辞書は30万語以上を収録。政治・経済・医学・ITなど、最新用語の追加も ...</div></div></div>
まさか,「まさか」の意味は予期しない事態が目の前に迫っていること。Weblio辞書では「まさか」 の意味や使い方、用例、類似表現などを解説しています。</div></div></div>
ヨシッ,pan class="r0bn4c rQMQod">2018/08/19</span><span class="r0bn4c rQMQod"> · </span>この画像や他に投稿した画像をもとにくまみね氏が2017年11月にLINEスタンプ「電話猫 exit 」を作成している。その後も種類を増やし、2018年8月現在には「電話猫」「電話猫2 exit 」「電話猫3 exit 」「こねこ電話相談 exit 」の4種類ができている ...
<span class="BNeawe"><a href="/url?q=https://dic.nicovideo.jp/a/%25E5%258A%25B4%25E5%2583%258D%25E7%2581%25BD%25E5%25AE%25B3&amp;sa=U&amp;ved=2ahUKEwizh4Lu4OfnAhUXBogKHeAoDPYQ0gIwBnoECAoQAw&amp;usg=AOvVaw0VP-rH-laTlcc8W2CzV_Js"><span class="XLloXe AP7Wnd">労働災害とは</span></a></span> · <span class="BNeawe"><a href="/url?q=https://dic.nicovideo.jp/a/%25E3%2581%25B5%25E3%2581%259F%25E3%2581%25B0%25E2%2598%2586%25E3%2581%25A1%25E3%2582%2583%25E3%2582%2593%25E3%2581%25AD%25E3%2582%258B&amp;sa=U&amp;ved=2ahUKEwizh4Lu4OfnAhUXBogKHeAoDPYQ0gIwBnoECAoQBA&amp;usg=AOvVaw3jmpUW8PExHQaCqNsp1C0L"><span class="XLloXe AP7Wnd">ふたば☆ちゃんねる</span></a></span> · <span class="BNeawe"><a href="/url?q=https://dic.nicovideo.jp/a/%25E7%2586%258A%25E5%25B3%25B0p&amp;sa=U&amp;ved=2ahUKEwizh4Lu4OfnAhUXBogKHeAoDPYQ0gIwBnoECAoQBQ&amp;usg=AOvVaw2J-LbISL5SyiHyvzxZCH6T"><span class="XLloXe AP7Wnd">熊峰Pとは</span></a></span> · <span class="BNeawe"><a href="/url?q=https://dic.nicovideo.jp/a/%25E3%2581%2597%25E3%2581%258B%25E3%2582%258B%25E3%2581%25AD%25E3%2581%2593&amp;sa=U&amp;ved=2ahUKEwizh4Lu4OfnAhUXBogKHeAoDPYQ0gIwBnoECAoQBg&amp;usg=AOvVaw0wcgHbDRYDX_IJtCL8B9yg"><span class="XLloXe AP7Wnd">しかるねこ</span></a></span></div></div></div>
ヨシッ,2019/12/05 - Pinterest で keikokko_akh さんのボード「「ヨシッ！」現場猫」を見てみましょう。。「猫、現場、おもしろ猫」のアイデアをもっと見てみましょう。</div></div></div>
ヨシッ,pan class="r0bn4c rQMQod">2018/08/23</span><span class="r0bn4c rQMQod"> · </span>現場猫」というイラストが、8月上旬から謎の流行を見せています。「工事現場用ヘルメットをかぶった猫の指差確認をする姿」が基本形なのですが、シチュエーションやキャラクターを改変したコラージュや造形化など、さまざまな派生形がTwitter ...</div></div></div>
